{
    "camera00": {
        "K": [
            [
                511.9999776197688,
                0.0,
                512.0
            ],
            [
                0.0,
                511.9999776197688,
                512.0
            ],
            [
                0.0,
                0.0,
                1.0
            ]
        ],
        "R": [
            [
                1.0,
                -0.0,
                0.0
            ],
            [
                0.0,
                0.9999999999999999,
                1.5149564935867943e-08
            ],
            [
                -0.0,
                -1.5149564935867943e-08,
                0.9999999999999999
            ]
        ],
        "T": [
            -8.280318144905692e-17,
            0.8709827065467834,
            1.352278470993042
        ]
    },
    "camera01": {
        "K": [
            [
                511.9999776197688,
                0.0,
                512.0
            ],
            [
                0.0,
                511.9999776197688,
                512.0
            ],
            [
                0.0,
                0.0,
                1.0
            ]
        ],
        "R": [
            [
                0.7071067550398675,
                -2.6653164788930603e-08,
                0.7071068073332256
            ],
            [
                -1.0453037352364797e-07,
                0.999999999999984,
                1.422236315240982e-07
            ],
            [
                -0.7071068073332183,
                -1.744814292686472e-07,
                0.7071067550398537
            ]
        ],
        "T": [
            9.693217606354665e-08,
            0.870982825756073,
            1.352278470993042
        ]
    },
    "camera02": {
        "K": [
            [
                511.9999776197688,
                0.0,
                512.0
            ],
            [
                0.0,
                511.9999776197688,
                512.0
            ],
            [
                0.0,
                0.0,
                1.0
            ]
        ],
        "R": [
            [
                2.220446049250313e-16,
                0.0,
                1.0
            ],
            [
                0.0,
                1.0,
                0.0
            ],
            [
                -1.0,
                0.0,
                2.220446049250313e-16
            ]
        ],
        "T": [
            3.002661388402754e-16,
            0.8709824085235596,
            1.352278470993042
        ]
    },
    "camera03": {
        "K": [
            [
                511.9999776197688,
                0.0,
                512.0
            ],
            [
                0.0,
                511.9999776197688,
                512.0
            ],
            [
                0.0,
                0.0,
                1.0
            ]
        ],
        "R": [
            [
                -0.7071067542788945,
                -3.893860762409265e-08,
                0.7071068080941983
            ],
            [
                -3.893860779683701e-08,
                0.9999999999999991,
                1.6128900073060843e-08
            ],
            [
                -0.7071068080941983,
                -1.612890049010261e-08,
                -0.7071067542788954
            ]
        ],
        "T": [
            2.568979695638518e-08,
            0.8709824681282043,
            1.3522785902023315
        ]
    },
    "camera04": {
        "K": [
            [
                511.9999776197688,
                0.0,
                512.0
            ],
            [
                0.0,
                511.9999776197688,
                512.0
            ],
            [
                0.0,
                0.0,
                1.0
            ]
        ],
        "R": [
            [
                -0.9999999999999961,
                1.224646692085325e-16,
                -8.742278034823402e-08
            ],
            [
                1.2246467991473483e-16,
                0.9999999999999999,
                -1.224646692085325e-16
            ],
            [
                8.742278034823402e-08,
                -1.2246467991473483e-16,
                -0.9999999999999961
            ]
        ],
        "T": [
            1.1821995826721832e-07,
            0.8709823489189148,
            1.352278470993042
        ]
    },
    "camera05": {
        "K": [
            [
                511.9999776197688,
                0.0,
                512.0
            ],
            [
                0.0,
                511.9999776197688,
                512.0
            ],
            [
                0.0,
                0.0,
                1.0
            ]
        ],
        "R": [
            [
                -0.707106847301478,
                2.6594085958929722e-08,
                -0.7071067150716099
            ],
            [
                5.12831328563608e-08,
                0.9999999999999983,
                -1.3673421887805568e-08
            ],
            [
                0.7071067150716086,
                -4.593121785555146e-08,
                -0.7071068473014784
            ]
        ],
        "T": [
            -1.448990900598801e-07,
            0.8709824681282043,
            1.352278470993042
        ]
    },
    "camera06": {
        "K": [
            [
                511.9999776197688,
                0.0,
                512.0
            ],
            [
                0.0,
                511.9999776197688,
                512.0
            ],
            [
                0.0,
                0.0,
                1.0
            ]
        ],
        "R": [
            [
                2.220446049250313e-16,
                -0.0,
                -1.0
            ],
            [
                0.0,
                1.0,
                -0.0
            ],
            [
                1.0,
                0.0,
                2.220446049250313e-16
            ]
        ],
        "T": [
            -1.3465977594216157e-16,
            0.8709824085235596,
            1.352278470993042
        ]
    },
    "camera07": {
        "K": [
            [
                511.9999776197688,
                0.0,
                512.0
            ],
            [
                0.0,
                511.9999776197688,
                512.0
            ],
            [
                0.0,
                0.0,
                1.0
            ]
        ],
        "R": [
            [
                0.707106667484666,
                -6.43273760279382e-08,
                -0.7071068948884077
            ],
            [
                1.3549842137194897e-08,
                0.9999999999999969,
                -7.74227952027007e-08
            ],
            [
                0.7071068948884106,
                4.516498790326949e-08,
                0.7071066674846647
            ]
        ],
        "T": [
            -2.7233340915699955e-07,
            0.8709823489189148,
            1.352278470993042
        ]
    }
}